,club,last_name,first_name,position,base_salary,guaranteed_compensation
0,ATL,Almiron,Miguel,M,1912500.0,2297000.0
1,ATL,Ambrose,Mikey,D,65625.0,65625.0
2,ATL,Asad,Yamil,M,150000.0,150000.0
3,ATL,Bloom,Mark,D,99225.0,106573.89
4,ATL,Carleton,Andrew,F,65000.0,77400.0
5,ATL,Carmona,Carlos,M,675000.0,725000.0
6,ATL,Garza,Greg,D,150000.0,150000.0
7,ATL,Gonzalez Pirez,Leandro,D,250008.0,285008.0
8,ATL,Goslin,Chris,M,70000.0,74000.0
9,ATL,Gressel,Julian,M,75000.0,93750.0
10,ATL,Heath,Harrison,M,66150.0,66150.0
11,ATL,Jones,Kenwyne,F,390000.0,413333.33
12,ATL,Kann,Alec,GK,77004.0,77004.0
13,ATL,Kratz,Kevin,M,150000.0,164250.0
14,ATL,Larentowicz,Jeff,M,175008.0,175008.0
15,ATL,Loyd,Zach,D,85008.0,85008.0
16,ATL,Martinez,Josef,F,924000.0,1041310.0
17,ATL,McCann,Chris,M,540000.0,568000.0
18,ATL,Mears,Tyrone,D,183756.0,183756.0
19,ATL,Oblitey Otoo,Jeffrey,M-F,53000.0,53000.0
20,ATL,Parkhurst,Michael,D,325008.0,325008.0
21,ATL,Peterson,Jacob,F,165300.0,165300.0
22,ATL,Reynish,Kyle,GK,65004.0,65004.0
23,ATL,Robinson,Miles,D,125000.04,195000.04
24,ATL,Rochez,Bryan,F,200000.0,279500.0
25,ATL,Tambakis,Alexander,GK,65004.0,65004.0
26,ATL,Vazquez,Brandon,F,100008.0,120008.0
27,ATL,Villalba,Hector,F,663000.0,770750.0
28,ATL,Walkes,Anton,D,53004.0,53004.0
29,ATL,Wheeler-Omiunu,Andrew,M,53004.0,53004.0
30,ATL,Williams,Romario,F,65000.0,65000.0
31,CHI,Accam,David,F-M,750000.0,820937.5
32,CHI,Alvarez,Arturo,M,135000.0,142500.0
33,CHI,Arshakyan,David,F,156000.0,178850.0
34,CHI,Bronico,Brandt,M,65004.0,65004.0
35,CHI,Calistri,Joey,M,54075.0,54075.0
36,CHI,Campbell,Jonathan,D,101750.0,109875.0
37,CHI,Cleveland,Stefan,GK,53004.0,53004.0
38,CHI,Conner,Drew,M,65625.0,65625.0
39,CHI,De Leeuw,Michael,F,500000.0,564212.5
40,CHI,Dekovic,Matej,D,65004.0,65004.0
41,CHI,Doody,Patrick,D,65000.0,65000.0
42,CHI,Fernandez,Collin,M,85000.0,87000.0
43,CHI,Goossens,John,M,230000.0,233333.33
44,CHI,Harrington,Michael,D,135000.0,135000.0
45,CHI,Johnson,Daniel,M,65004.0,65004.0
46,CHI,Juninho,,M,700008.0,716674.67
47,CHI,Kappelhof,Johan,D,530000.0,570000.0
48,CHI,Lampson,Matt,GK,76000.0,81375.0
49,CHI,McCarty,Dax,M,400000.0,500000.0
50,CHI,Meira,Joao,D-M,150000.0,165000.0
51,CHI,Mihailovic,Djordje,M,80000.04,80000.04
52,CHI,Nikolic,Nemanja,F,1700000.04,1906333.37
53,CHI,Polster,Matt,M,99900.0,114900.0
54,CHI,Rodrigo Bava,Jorge,GK,240000.0,267133.34
55,CHI,Schweinsteiger,Bastian,M,5400000.0,5400000.0
56,CHI,Solignac,Luis,F,274999.92,328312.42
57,CHI,Vincent,Brandon,D,96250.0,118125.0
58,CLB,Abu,Mohammed,M,165000.0,171250.0
59,CLB,Abubakar,"Alhassan ""Lalas""",D,65000.04,72500.04
60,CLB,Afful,Harrison,D,280000.0,296666.67
61,CLB,Crognale,Alex,D,84996.0,84996.0
62,CLB,De Lima Junior,Artur,M,80004.0,99879.0
63,CLB,Duka,Dilly,M,175000.0,175000.0
64,CLB,Finlay,Ethan,M,290000.0,290000.0
65,CLB,Francis,Waylon,D,227500.0,251875.0
66,CLB,Hansen,Nikolaj,F,65000.04,72500.04
67,CLB,Higuain,Federico,M,1050000.0,1050000.0
68,CLB,Hollingsworth,Marshall,M,54075.0,54075.0
69,CLB,Jahn,Adam,F,92500.0,92500.0
70,CLB,Jimenez,Hector,M,150000.0,150000.0
71,CLB,Kamara,Ola,F,450000.0,482500.0
72,CLB,Ketterer,Logan,GK,53004.0,53004.0
73,CLB,Maloney,Connor,D,53004.0,53004.0
74,CLB,Manneh,Kekuta,M-F,138875.0,168375.0
75,CLB,Martinez,Cristian,M,65633.4,70133.4
76,CLB,Mensah,Jonathan,D,750000.0,844000.0
77,CLB,Meram,Justin,M,300000.0,328750.0
78,CLB,Naess,Nicolai,D,235000.0,242500.0
79,CLB,Obinwa,Abuchi,M,65004.0,65004.0
80,CLB,Raitala,Jukka,D,125004.0,161670.67
81,CLB,Saravia,Rodrigo,M,65625.0,65625.0
82,CLB,Sauro,Gaston,D,585000.0,601312.5
83,CLB,Steffen,Zack,GK,105000.0,105000.0
84,CLB,Stuver,Brad,GK,80004.0,80004.0
85,CLB,Swanson,Ben,M,85000.0,105416.67
86,CLB,Trapp,Wil,M,300000.0,350000.0
87,CLB,Williams,Josh,D,110004.0,110004.0
88,COL,Adjei-Boateng,Bismark,M,300000.0,341246.0
89,COL,Azira,Michael,M,110000.0,116625.0
90,COL,Badji,Dominique,F,65000.0,65000.0
91,COL,Berner,John,GK,66150.0,66150.0
92,COL,Burling,Bobby,D,120000.0,126000.0
93,COL,Calvert,Caleb,F,100000.0,107500.0
94,COL,Castillo,Dennis,D,54075.0,54075.0
95,COL,Da Fonte,Mike,D,65004.0,65004.0
96,COL,Doyle,Kevin,F,1000000.0,1045000.0
97,COL,Ford,Kortne,D,69996.0,76996.0
98,COL,Gashi,Shkelzen,F,1575000.0,1668750.0
99,COL,Gatt,Joshua,M,175008.0,193508.0
100,COL,Gordon,Alan,F,180000.0,180000.0
101,COL,Hairston,Marlon,D-M,110004.0,110004.0
102,COL,Hamilton,Sam,M,65004.0,65004.0
103,COL,Howard,Tim,GK,2000000.0,2475000.0
104,COL,MacMath,Zac,GK,150000.0,150000.0
105,COL,Miller,Eric,D,75553.75,86553.75
106,COL,Perez,Ricardo,M,53004.0,54254.0
107,COL,Powers,Dillon,M,295000.0,325000.0
108,COL,Ramirez,Juan Edgardo,M,100000.0,100000.0
109,COL,Saeid,Mohammed,M,160000.0,170000.0
110,COL,Serna,Dillon,M,72600.0,85600.0
111,COL,Sjoberg,Axel,D,108350.0,123350.0
112,COL,Watts,Jared,D-M,75000.0,75000.0
113,COL,Williams,Mekeil,D,110000.0,115000.0
114,DAL,Acosta,Kellyn,M,260000.0,280000.0
115,DAL,Akindele,Tesho,F-M,95000.0,112500.0
116,DAL,Barrios,Michael,M,100000.0,100000.0
117,DAL,Cannon,Reggie,D,53000.04,53000.04
118,DAL,Cermeno,Carlos,M,120000.0,123000.0
119,DAL,Chala,Anibal,D,250000.08,333000.08
120,DAL,Colman,Cristian,F,300000.0,385000.0
121,DAL,Craft,Coy,F-M,85000.0,102083.33
122,DAL,Diaz,Mauro,M,784000.0,880890.0
123,DAL,Ferreira,Jesus,F,53000.0,53000.0
124,DAL,Figueroa,Maynor,D,320000.0,343333.33
125,DAL,Gonzalez,Jesse,GK,85000.0,94375.0
126,DAL,Grana,Hernan,D,200000.04,225500.04
127,DAL,Gruezo,Carlos,M,495000.0,731500.0
128,DAL,Guillen,Aaron,D,54075.0,54075.0
129,DAL,Harris,Atiba,M-F,155004.0,155004.0
130,DAL,Hayes,Jacori,M,65000.04,72500.04
131,DAL,Hedges,Matt,D,399996.0,424996.0
132,DAL,Hollingshead,Ryan,M-D,132500.0,132500.0
133,DAL,Hume,Walker,D,53004.0,53004.0
134,DAL,Lamah,Roland,M,630000.0,773500.0
135,DAL,Morales,Javier,M,300000.0,315000.0
136,DAL,Pomykal,Paxton,M,70000.0,75000.0
137,DAL,Reid,Adonijah,F,70000.08,87500.08
138,DAL,Reynolds,Bryan,F,53000.0,55000.0
139,DAL,Seitz,Chris,GK,153000.0,153000.0
140,DAL,Ulloa,Victor,M,150000.0,152500.0
141,DAL,Urruti,Maximiliano,F,300000.0,300000.0
142,DAL,Zimmerman,Walker,D,205000.0,205000.0
143,DC,Acosta,Luciano,M-F,500000.0,602000.0
144,DC,Birnbaum,Steven,D,474996.0,499996.0
145,DC,Boswell,Bobby,D,260000.0,260000.0
146,DC,Buescher,Julian,M,80000.0,94700.0
147,DC,DeLeon,Nick,M,255000.0,255000.0
148,DC,Durkin,Chris,D-M,70000.0,79166.67
149,DC,Franklin,Sean,D,258756.0,283756.0
150,DC,Hamid,Bill,GK,350000.0,395500.0
151,DC,Harkes,Ian,M,90000.0,123237.5
152,DC,Jeffrey,Jared,M,105000.0,115000.0
153,DC,Kamara,Alhaji,F,80000.0,88250.0
154,DC,Kemp,Taylor,D,120000.0,120000.0
155,DC,Klenofsky,Eric,GK,53004.0,56754.0
156,DC,Le Toux,Sebastien,F-M,125004.0,140004.0
157,DC,Mullins,Patrick,F,114125.0,144125.0
158,DC,Neagle,Lamar,M-F,200000.0,202833.33
159,DC,Nyarko,Patrick,F-M,235000.0,250750.0
160,DC,Odoi-Atsem,Chris,D,65000.04,72500.04
161,DC,Opare,Kofi,D,105000.0,120000.0
162,DC,Ortiz,Jose Guillermo,F,129996.0,137621.0
163,DC,Robinson,Jalen,D,69996.0,69996.0
164,DC,Rolfe,Chris,F,275000.0,290000.0
165,DC,Sam,Lloyd,M-F,240000.0,250000.0
166,DC,Sarvas,Marcelo,M,360000.0,425000.0
167,DC,Tissot,Maxim,D,65000.0,65000.0
168,DC,Vincent,Rob,M-F,65633.4,65633.4
169,DC,Worra,Travis,GK,65625.0,65625.0
170,HOU,Alexander,Eric,M,190000.0,203750.0
171,HOU,Anibaba,Jalil,D,110004.0,110004.0
172,HOU,Beasley,DaMarcus,D,316008.0,351008.0
173,HOU,Brown,Calle,GK,65000.0,65000.0
174,HOU,Cabezas,Juan David,M,243000.0,267000.0
175,HOU,Clark,Ricardo,M,335160.0,372660.0
176,HOU,Da Silva,Leonardo,D,140004.0,147670.67
177,HOU,DeLaGarza,AJ,D,250000.0,252500.0
178,HOU,Deric,Tyler,GK,185000.0,185000.0
179,HOU,Elis,Alberth,F,423000.0,423000.0
180,HOU,Escalante,Jose,M,53004.0,53004.0
181,HOU,Garcia,Boniek,M,225000.0,247500.0
182,HOU,Garcia,Kevin,D,65633.4,65633.4
183,HOU,Holland,Joseph,M,53004.0,53004.0
184,HOU,Hunter,Taylor,D,53004.0,53004.0
185,HOU,Iniguez,Agustin,D,143000.0,143000.0
186,HOU,Lucatero,Christian,M,53000.0,53250.0
187,HOU,Machado,Adolfo,D,200004.0,216504.0
188,HOU,Malki,George,D,65004.0,65004.0
189,HOU,Manotas,Mauro,F,215746.08,215746.08
190,HOU,Monteiro de Lima,Alex,M,170000.0,170000.0
191,HOU,Quioto,Romell,F,200004.0,212504.0
192,HOU,Remick,Dylan,D,66150.0,66150.0
193,HOU,Rodriguez,Memo,M,53004.0,53004.0
194,HOU,Sanchez,Vicente,F,65004.0,65004.0
195,HOU,Torres,Erick,F,650000.0,665000.0
196,HOU,Wenger,Andrew,M,210000.0,210000.0
197,HOU,Willis,Joe,GK,106312.5,106312.5
198,KC,Abdul-Salaam,Saad,D,96800.0,110550.0
199,KC,Besler,Matt,D,725000.0,758250.0
200,KC,Blessing,Latif,F,65004.0,74379.0
201,KC,Dwyer,Dom,F,550000.0,668750.0
202,KC,Dykstra,Andrew,GK,80004.0,87654.51
203,KC,Ellis,Kevin,D,140004.0,148337.33
204,KC,Espinoza,Roger,M,850000.0,850000.0
205,KC,Feilhaber,Benny,M,600000.0,600000.0
206,KC,Fernandes,Gerso,M-F,550008.0,591258.0
207,KC,Iwasa,Cameron,F,53004.0,53004.0
208,KC,Juliao,Igor,D,100008.0,115008.0
209,KC,Medranda,Jimmy,D,130008.0,130008.0
210,KC,Melia,Tim,GK,165000.0,167500.0
211,KC,Mustivar,Soni,M,200000.0,200000.0
212,KC,Opara,Ike,D,150000.0,150000.0
213,KC,Palmer-Brown,Erik,D,75000.0,75500.0
214,KC,Pasher,Tyler,D-M,53000.0,53000.0
215,KC,Porter,Cameron,F,65000.0,117500.0
216,KC,Rubio Kostner,Diego,F,202000.0,218875.0
217,KC,Saad,Soony,F,65004.0,65004.0
218,KC,Salloi,Daniel,F,53000.0,53000.0
219,KC,Sanchez,Ilie,M,300000.0,305000.0
220,KC,Sinovic,Seth,D,125000.0,132666.67
221,KC,Storm,Colton,D,53004.0,53004.0
222,KC,Zendejas,Adrian,GK,53000.0,53000.0
223,KC,Zusi,Graham,M,725000.0,757102.27
224,LA,Alessandrini,Romain,M,1669400.64,1999400.64
225,LA,Arellano,Hugo,D,65000.0,72375.0
226,LA,Boateng,Emmanuel,F,115000.0,115000.0
227,LA,Cole,Ashley,D,350000.0,377625.0
228,LA,Diallo,Bradley,D,65004.0,65004.0
229,LA,Diop,Clement,GK,65625.0,65625.0
230,LA,Dos Santos,Giovani,F,3750000.0,5500000.0
231,LA,Garcia,Rafael,M,82500.0,82500.0
232,LA,Husidic,Baggio,M,175000.0,175000.0
233,LA,Jamieson,Bradford,F,66150.0,66150.0
234,LA,Jones,Jermaine,M,600000.0,722500.2
235,LA,Kempin,Jonathan,GK,65004.0,65004.0
236,LA,Lassiter,Ariel,F,54075.0,54075.0
237,LA,Lletget,Sebastian,M,230000.0,242666.67
238,LA,McBean,Jack,F,65625.0,65625.0
239,LA,McInerney,Jack,F,325000.0,325000.0
240,LA,Mendiola,Raul,F,65625.0,65625.0
241,LA,Pedro,Joao,M,120000.0,141000.0
242,LA,Rogers,Robbie,M,225000.0,233500.0
243,LA,Romney,David,D,66150.0,66150.0
244,LA,Rowe,Brian,GK,120000.0,120000.0
245,LA,Smith,Nathan,D,53004.0,53004.0
246,LA,Steres,Daniel,D,105000.0,112062.6
247,LA,Van Damme,Jelle,D,600000.0,662500.0
248,LA,Villarreal,Jaime,M,53004.0,53004.0
249,LA,Villarreal,Jose,F,105000.0,105000.0
250,LA,Zardes,Gyasi,F,577500.0,577500.0
251,LAFC,Alvarez,Carlos,M,65004.0,65004.0
252,LAFC,Etim,Monday Bassey,M,53004.0,53004.0
253,MNUFC,Alvbage,John,GK,229998.0,247748.0
254,MNUFC,Anor,Bernardo,M,105000.0,105000.0
255,MNUFC,Burch,Marc,D,135000.0,135000.0
256,MNUFC,Calvo,Francisco,D,300000.0,330843.63
257,MNUFC,Cronin,Sam,M,300000.0,306250.0
258,MNUFC,Danladi,Abu,F,125000.04,176000.04
259,MNUFC,Davis,Justin,D,80000.0,89750.0
260,MNUFC,De Villardi,Thomas,D,53004.0,53004.0
261,MNUFC,Demidov,Vadim,D,550008.0,555008.0
262,MNUFC,Greenspan,Joseph,D,65000.0,66469.08
263,MNUFC,Heavner,Billy,GK,53004.0,53004.0
264,MNUFC,Ibarra,Miguel,M,290004.0,322326.0
265,MNUFC,Ibson,,M,200004.0,210337.4
266,MNUFC,Jome,Ismaila,M,65004.0,67837.33
267,MNUFC,Kadrii,Bashkim,M,264000.0,288100.0
268,MNUFC,Kallman,Brent,D,65004.0,68295.67
269,MNUFC,Martin,Collin,M,84996.0,84996.0
270,MNUFC,McLain,Patrick,GK,80000.0,80000.0
271,MNUFC,Molino,Kevin,M,350004.0,402504.0
272,MNUFC,Ramirez,Christian,M,350004.0,392504.4
273,MNUFC,Schuller,Rasmus,M,200004.0,225004.0
274,MNUFC,Shuttleworth,Bobby,GK,155000.0,171875.0
275,MNUFC,Taylor,Jermaine,D,125004.0,135004.0
276,MNUFC,Thiesson,Jerome,D,171000.0,210166.67
277,MNUFC,Venegas,Johan,M,215000.0,227500.0
278,MNUFC,Venegas,Kevin,D,85000.0,88333.33
279,MNUFC,Warner,Collen,M,230004.0,230004.0
280,MTL,Arregui,Adrian,M,240000.0,290976.67
281,MTL,Beland Goyette,Louis,M,53000.0,54250.0
282,MTL,Bernardello,Hernan,M,288000.0,288000.0
283,MTL,Bernier,Patrice,M,165000.0,165000.0
284,MTL,Bitolo,Ambroise,D,100000.0,100000.0
285,MTL,Bush,Evan,GK,136750.0,136750.0
286,MTL,Cabrera,Victor,D,260000.0,260000.0
287,MTL,Camara,Hassoun,D,255000.0,255000.0
288,MTL,Choiniere,David,M,54075.0,54075.0
289,MTL,Ciman,Laurent,D,630000.0,661666.67
290,MTL,Crepeau,Maxime,GK,75000.0,79083.33
291,MTL,Depuy,Nick,F,65000.04,72500.04
292,MTL,Donadel,Marco,M,349992.0,386658.67
293,MTL,Duvall,Chris,D,70875.0,70875.0
294,MTL,Fisher,Kyle,D,53004.0,53004.0
295,MTL,Jackson-Hamel,Anthony,F,66150.0,66150.0
296,MTL,Kronberg,Eric,GK,99999.96,104999.96
297,MTL,Lefevre,Wandrille,D,94999.92,104499.92
298,MTL,Lovitz,Daniel,M,78750.0,78750.0
299,MTL,Mallace,Calum,M,115000.0,131250.0
300,MTL,Mancosu,Matteo,F,700000.08,719541.75
301,MTL,Oduro,Dominic,F,330000.0,330000.0
302,MTL,Piatti,Ignacio,M,450000.0,450000.0
303,MTL,Romero,Andres,M,120000.0,120000.0
304,MTL,Salazar,Michael,F,54075.0,54075.0
305,MTL,Shome,Shamit,M,100000.08,128500.08
306,MTL,Tabla,Ballou Jean-Yves,M,70000.0,78999.8
307,NE,Agudelo,Juan,F,475000.0,502500.0
308,NE,Angoua,Benjamin,D,600000.0,654333.33
309,NE,Bunbury,Teal,F,215000.0,260000.0
310,NE,Caldwell,Scott,M,115000.0,125000.0
311,NE,Cropper,Cody,F,65625.0,65625.0
312,NE,Fagundez,Diego,M,160000.0,180000.0
313,NE,Farrell,Andrew,D,182600.0,263600.0
314,NE,Herivaux,Zachary,M,65625.0,65625.0
315,NE,Hollinger-Janzen,Femi,F,54075.0,54075.0
316,NE,Kamara,Kei,F,800000.0,800000.0
317,NE,Knighton,Brad,GK,100910.25,100910.25
318,NE,Kobayashi,Daigo,M,69996.0,76996.0
319,NE,Kouassi,Xavier,M,840000.0,890541.75
320,NE,Mlinar Delamea,Antonio,D,400008.0,400008.0
321,NE,Nguyen,Lee,M,500000.0,500000.0
322,NE,Rowe,Kelyn,M,165000.0,230000.0
323,NE,Smith,Donnie,M,66150.0,66150.0
324,NE,Smith,Joshua,D,53004.0,53004.0
325,NE,Tierney,Chris,D-M,140000.0,148333.33
326,NE,Turner,Matt,GK,54075.0,54075.0
327,NE,Watson,Je-Vaughn,D-M,150000.0,155666.67
328,NE,Woodberry,London,D,69300.0,69300.0
329,NE,Wright,Brian,F,65625.0,84375.0
330,NYCFC,Allen,RJ,D,100000.08,101666.75
331,NYCFC,Awuah,Kwame,D-M,53004.0,53004.0
332,NYCFC,Brilliant,Frederic,D,280000.0,319666.67
333,NYCFC,Callens,Alexander,D,180000.0,180000.0
334,NYCFC,Camargo,Miguel,M,99999.96,108249.96
335,NYCFC,Chanot,Maxime,D,350000.0,383000.0
336,NYCFC,Diskerud,Mix,M,772669.0,772669.0
337,NYCFC,Gomez,Shannon,D,54075.0,54075.0
338,NYCFC,Harrison,Jack,M,130000.0,165500.0
339,NYCFC,Herrera,Yangel,M,123557.04,123557.04
340,NYCFC,Johansen,Eirik,GK,65625.0,65625.0
341,NYCFC,Johnson,Sean,GK,220008.0,220008.0
342,NYCFC,Lewis,Jonathan,F,80000.04,115500.04
343,NYCFC,Lopez,Mikey,M,75000.0,75000.0
344,NYCFC,Matarrita,Ronald,D,175000.0,200000.0
345,NYCFC,McNamara,Thomas,M,185000.04,185000.04
346,NYCFC,Mena,Jefferson,D,250000.0,261400.0
347,NYCFC,Moralez,Maximiliano,M,2000000.04,2000000.04
348,NYCFC,Okoli,Sean,F,52999.92,52999.92
349,NYCFC,Pirlo,Andrea,M,5600000.0,5915690.0
350,NYCFC,Rawls,Andre,GK,65633.4,65633.4
351,NYCFC,Ring,Alexander,M,340000.08,376666.75
352,NYCFC,Shelton,Khiry,F,92950.0,110450.0
353,NYCFC,Stertzer,John,M,65000.0,65000.0
354,NYCFC,Sweat,Ben,D,65004.0,65004.0
355,NYCFC,Villa,David,F,5610000.0,5610000.0
356,NYCFC,Wallace,Rodney,M,220000.08,220000.08
357,NYCFC,White,Ethan,D,65000.0,65000.0
358,NYRB,Abang,Anatole,F,65625.0,65625.0
359,NYRB,Adams,Tyler,M,75000.0,91041.67
360,NYRB,Allen,Brandon,F,65625.0,65625.0
361,NYRB,Baah,Gideon,D,230000.0,315500.0
362,NYRB,Basuljevic,Arun,M,53004.0,53004.0
363,NYRB,Bilyeu,Justin,D,54075.0,54075.0
364,NYRB,Collin,Aurelien,D,450000.0,450000.0
365,NYRB,Davis,Sean,M,110000.0,127500.0
366,NYRB,Etienne,Derrick,M,53000.0,58000.0
367,NYRB,Grella,Mike,F,186000.0,188250.0
368,NYRB,Gulbrandsen,Fredrik,F,360000.0,360000.0
369,NYRB,Kljestan,Sacha,M,650000.0,787500.0
370,NYRB,Lade,Connor,D,85000.0,92812.5
371,NYRB,Lawrence,Kemar,D,100000.0,205600.0
372,NYRB,Lewis,Zeiko,M,75000.0,93750.0
373,NYRB,Long,Aaron,D,65000.0,65000.0
374,NYRB,Martins,Felipe,M,275000.0,305000.0
375,NYRB,Meara,Ryan,GK,100008.0,105008.0
376,NYRB,Metzger,Dan,M,53004.0,53004.0
377,NYRB,Murillo,Michael,D,65004.0,73754.0
378,NYRB,Muyl,Alex,F,65625.0,69625.0
379,NYRB,N'dam,Hassan,D,53004.0,53004.0
380,NYRB,Perrinelle,Damien,D,175008.0,175008.0
381,NYRB,Robles,Luis,GK,290000.0,292500.0
382,NYRB,Royer,Daniel,M,450000.0,450000.0
383,NYRB,Veron,Gonzalo,M-F,500000.0,500000.0
384,NYRB,Wright-Phillips,Bradley,F,1500000.0,1635000.0
385,NYRB,Zizzo,Sal,M,110000.0,110000.0
386,ORL,Aja,Jose,D,216000.0,216000.0
387,ORL,Alston,Kevin,D,135000.0,135000.0
388,ORL,Barnes,Giles,F-M,725000.0,781250.0
389,ORL,Barry,Hadji,F,68750.0,73312.5
390,ORL,Bendik,Joe,GK,165000.0,174083.4
391,ORL,Carrasco,Servando,M,114996.0,114996.0
392,ORL,Da Silva,Pierre,M,53004.0,53004.0
393,ORL,Donovan,Conor,D,100000.0,128000.0
394,ORL,Edwards,Earl,GK,65000.0,65000.0
395,ORL,Garcia,Devron,M-F,53004.0,53004.0
396,ORL,Gil,Luis,M,144000.0,144000.0
397,ORL,Giro,Victor,D-M,80004.0,85316.5
398,ORL,Higuita,Cristian,M,150000.0,150000.0
399,ORL,Hines,Sebastian,D,129996.0,129996.0
400,ORL,Johnson,Will,M,414000.0,450000.0
401,ORL,Kaka,,M,6660000.0,7167500.0
402,ORL,Larin,Cyle,F,150000.0,192000.0
403,ORL,Laryea,Richmond,M,130000.0,159000.0
404,ORL,Nocerino,Antonio,M,800000.0,850000.0
405,ORL,Perez,Matias,F,260004.0,260004.0
406,ORL,Ramos,Rafael,D,100800.0,100800.0
407,ORL,Redding,Tommy,D,110000.0,117500.0
408,ORL,Rivas,Carlos,M,375000.0,375000.0
409,ORL,Rocha,Tony,M,65620.8,65620.8
410,ORL,Sane,Moussa,F,53004.0,53004.0
411,ORL,Saunders,Josh,GK,150000.0,150000.0
412,ORL,Spector,Jonathan,D,549996.0,611933.5
413,ORL,Stajduhar,Mason,GK,53000.0,53000.0
414,ORL,Sutter,Scott,D,240000.0,240000.0
415,ORL,Toia,Donny,D,70875.0,70875.0
416,PHI,Alberg,Roland,M,345000.0,394250.0
417,PHI,Ayuk,Eric,M,65625.0,65625.0
418,PHI,Bedoya,Alejandro,M,1131000.0,1197250.0
419,PHI,Blake,Andre,GK,148500.0,186500.0
420,PHI,Carroll,Brian,M,132000.0,140000.0
421,PHI,Creavalle,Warren,M,125000.0,138000.0
422,PHI,Davies,Charlie,F,108960.0,114684.94
423,PHI,Edu,Maurice,M,750000.0,818750.0
424,PHI,Elliott,Jack,D,53004.0,53004.0
425,PHI,Epps,Marcus,M,53004.0,53004.0
426,PHI,Fabinho,Fabinho,D,159759.0,167759.0
427,PHI,Gaddis,Raymon,D,165000.0,167500.0
428,PHI,Herbers,Fabian,M-F,110000.0,135500.0
429,PHI,Ilsinho,,M,470000.0,518333.33
430,PHI,Jones,Aaron,D,53004.0,53004.0
431,PHI,Jones,Derrick,M,65000.0,70900.0
432,PHI,Marquez,Richard,D,133000.0,139430.0
433,PHI,McCarthy,John,GK,86500.0,95750.0
434,PHI,McGuire,Jake,GK,53004.0,53004.0
435,PHI,Medunjanin,Haris,M,460008.0,505008.0
436,PHI,Najem,Adam,M,65000.04,65000.04
437,PHI,Onyewu,Oguchi,D,65004.0,65004.0
438,PHI,Picault,Fabrice,F,114999.96,128666.63
439,PHI,Pontius,Chris,M-F,400000.0,431000.0
440,PHI,Rosenberry,Keegan,D,104500.0,110312.5
441,PHI,Sapong,CJ,F,300000.0,300000.0
442,PHI,Simpson,Jay,F,465000.0,508333.33
443,PHI,Tribbett,Ken,D,65000.0,65000.0
444,PHI,Trusty,Auston,D,75000.0,104100.0
445,PHI,Wijnaldum,Giliano,D,65004.0,78337.33
446,PHI,Yaro,Joshua,D,130000.0,194000.0
447,POR,Adi,Fanendo,F,1190004.0,1736254.0
448,POR,Andriuskevicius,Vytautas,D,222500.0,244375.0
449,POR,Arboleda,Victor,M-F,65000.04,65000.04
450,POR,Arokoyo,Gbenga,D,135000.0,155600.0
451,POR,Asprilla,Dairon,M-F,138000.0,138000.0
452,POR,Attinella,Jeff,GK,100000.0,105083.33
453,POR,Barmby,Jack,M-F,65004.0,65004.0
454,POR,Blanco,Sebastian,M,1000008.0,1075008.0
455,POR,Chara,Diego,M,500000.0,522000.0
456,POR,Clarke,Rennico,D,53004.0,58004.0
457,POR,Ebobisse,Jeremy,F,130000.0,173000.0
458,POR,Farfan,Marco,D,53000.0,53000.0
459,POR,Gleeson,Jake,GK,110000.0,115166.67
460,POR,Guzman,David,M,185004.0,188337.33
461,POR,Mattocks,Darren,F,300000.0,316666.67
462,POR,McIntosh,Kendall,GK,53000.0,53000.0
463,POR,Melano,Lucas,F,790000.0,1010000.0
464,POR,Miller,Roy,D,150000.0,150000.0
465,POR,Myers,Chance,D,125004.0,125004.0
466,POR,Nagbe,Darlington,M/F,550000.0,565000.0
467,POR,Okugo,Amobi,D-M,65004.0,187941.5
468,POR,Olum,Lawrence,M,142500.0,157500.0
469,POR,Powell,Alvas,D,115000.0,123700.0
470,POR,Ridgewell,Liam,D,615000.0,615000.0
471,POR,Valentin,Zarek,D,110000.0,110000.0
472,POR,Valeri,Diego,M,2227500.0,2607500.0
473,POR,Zemanski,Ben,M,105000.0,109000.0
474,RSL,Acosta,Danilo,M,65625.0,65625.0
475,RSL,Allen,Jordan,M,178000.0,178000.0
476,RSL,Barrett,Chad,F,99000.0,105000.0
477,RSL,Beckerman,Kyle,M,750000.0,825000.0
478,RSL,Beltran,Anthony,D,220000.0,230950.0
479,RSL,Dunk,Reagan,D,53004.0,53004.0
480,RSL,Fernandez,Eduardo,GK,66150.0,66150.0
481,RSL,Glad,Justen,D,225000.0,246700.0
482,RSL,Hernandez,Jose,M,53004.0,56379.0
483,RSL,Holness,Omar,F,110000.0,133500.0
484,RSL,Horst,David,D,110004.0,115004.0
485,RSL,Lennon,Brooks,F,53004.0,53004.0
486,RSL,Maund,Aaron,D,165000.0,174437.5
487,RSL,Movsisyan,Yura,F,1750000.0,1973750.0
488,RSL,Mulholland,Luke,M,172500.0,172500.0
489,RSL,Phillips,Demar,D,155004.0,162837.33
490,RSL,Plata,Joao,F,350000.04,400000.04
491,RSL,Rimando,Nick,GK,450000.0,470000.0
492,RSL,Rusnak,Albert,M,825000.0,882812.5
493,RSL,Saucedo,Sebastian,M,90000.0,100500.0
494,RSL,Schmidt,Justin,D,53004.0,53004.0
495,RSL,Schuler,Chris,D,127500.0,132500.0
496,RSL,Silva,Luis,M-F,200004.0,208670.67
497,RSL,Sunday,Stephen,M,240000.0,253000.0
498,RSL,Van Oekel,Matt,GK,96000.0,96000.0
499,RSL,Velazco,Ricardo,F,65633.4,65633.4
500,RSL,Wingert,Chris,D,134004.0,145394.0
501,SEA,Adekoya,Seyi,F,53004.0,53004.0
502,SEA,Alfaro,Tony,D,54075.0,54075.0
503,SEA,Alonso,Osvaldo,M,1100000.0,1141667.0
504,SEA,Bruin,Will,F,325000.0,326666.67
505,SEA,Delem,Jordy,M,53004.0,53004.0
506,SEA,Dempsey,Clint,F,3200000.0,3892933.5
507,SEA,Evans,Brad,D-M,300000.0,338501.25
508,SEA,Fernandez,Alvaro,M,264000.0,294000.0
509,SEA,Fisher,Oniel,M-D,65625.0,65625.0
510,SEA,Frei,Stefan,GK,250000.0,256250.0
511,SEA,Jones,Joevin,D,90000.0,96166.67
512,SEA,Kovar,Aaron,M,66150.0,66350.0
513,SEA,Lodeiro,Nicolas,M,1371428.57,1743428.57
514,SEA,Mansaray,Victor,F,65625.0,69125.0
515,SEA,Marshall,Chad,D,350000.0,366250.0
516,SEA,Mathers,Zach,M,53004.0,53004.0
517,SEA,Meredith,Bryan,GK,66150.0,66150.0
518,SEA,Miller,Tyler,GK,65633.4,65633.4
519,SEA,Morris,Jordan,F,225000.0,237500.0
520,SEA,Roldan,Cristian,M,115000.0,137000.0
521,SEA,Shipp,Harrison,M,144999.96,144999.96
522,SEA,Svensson,Gustav,M,170000.04,170000.04
523,SEA,Tolo,Nouhou,D,52999.92,52999.92
524,SEA,Torres,Roman,D,433000.0,508812.5
525,SEA,Wingo,Henry,D-M,53004.0,53004.0
526,SJ,Alashe,Fatai,M,98175.0,114425.0
527,SJ,Amarikwa,Quincy,F,256500.0,270166.67
528,SJ,Barrera,Leandro,F,100000.0,100000.0
529,SJ,Bernardez,Victor,D,225000.0,266600.0
530,SJ,Bersano,Matt,GK,65004.0,65004.0
531,SJ,Bingham,David,GK,190000.0,197750.0
532,SJ,Cato,Cordell,M,137000.0,138666.67
533,SJ,Ceren,Darwin,M,200000.0,249375.0
534,SJ,Colvey,Kip,D,54075.0,54075.0
535,SJ,Cummings,Harold,D,249996.0,300662.67
536,SJ,Dawkins,Simon,M,800000.0,800000.0
537,SJ,Francis,Shaun,D,115000.0,123333.33
538,SJ,Godoy,Anibal,M,229992.0,256242.0
539,SJ,Hoesen,Danny,F,425004.0,503129.0
540,SJ,Hyka,Jahmir,M,470004.0,520004.0
541,SJ,Imperiale,Andres,D,105000.0,107500.0
542,SJ,Jungwirth,Florian,D-M,450000.0,516667.07
543,SJ,Lima,Nick,D,80004.0,86208.03
544,SJ,Mfeka,Lindo,M-F,53004.0,53004.0
545,SJ,Pelosi,Marc,M,65004.0,75004.0
546,SJ,Salinas,Shea,M,185000.0,185000.0
547,SJ,Sarkodie,Kofi,D,135000.0,140000.0
548,SJ,Silva,Matheus,M,65000.0,65000.0
549,SJ,Tarbell,Andrew,GK,80000.0,94000.0
550,SJ,Thompson,Tommy,M,150000.0,155000.0
551,SJ,Urena,Marco,F,275004.0,289420.67
552,SJ,Wondolowski,Chris,F,800000.0,800000.0
553,SJ,Wynne,Marvell,D,245808.0,257058.0
554,SJ,Yueill,Jackson,M,124992.0,175992.0
555,TOR,Alseth,Oyvind,M-D,53004.0,53004.0
556,TOR,Altidore,Jozy,F,4875000.0,4875000.0
557,TOR,Aubrey,Brandon,D,75000.0,93750.0
558,TOR,Beitashour,Steven,D,250000.0,264000.0
559,TOR,Bono,Alex,GK,70000.0,90200.0
560,TOR,Bradley,Michael,M,6000000.0,6500000.0
561,TOR,Camargo,Sergio,M,65004.0,65004.0
562,TOR,Chapman,Jay,M,90000.0,108500.0
563,TOR,Cheyrou,Benoit,M,65004.0,65004.0
564,TOR,Cooper,Armando,M,189000.0,202333.33
565,TOR,Delgado,Marco,M,210000.0,210000.0
566,TOR,Edwards,Raheem,F,53004.0,53004.0
567,TOR,Endoh,Tsubasa,F,54075.0,54075.0
568,TOR,Giovinco,Sebastian,F,5600000.0,7115555.67
569,TOR,Hagglund,Nick,D,100008.0,109633.0
570,TOR,Hamilton,Jordan,F,69457.5,81957.5
571,TOR,Hernandez,Jason,D,65004.0,65004.0
572,TOR,Irwin,Clint,GK,200004.0,211316.7
573,TOR,Mavinga,Chris,D,265008.0,300691.6
574,TOR,Moor,Drew,D,246750.0,261750.0
575,TOR,Morgan,Ashtone,D,100008.0,101508.0
576,TOR,Morrow,Justin,D,210000.0,226666.67
577,TOR,Osorio,Jonathan,M,191762.5,200237.13
578,TOR,Pais,Mark,GK,65004.0,65004.0
579,TOR,Ricketts,Tosaint,F,180000.0,193166.67
580,TOR,Vazquez,Victor,M,630000.0,700000.0
581,TOR,Zavaleta,Eriq,D,102850.0,133450.0
582,VAN,Adekugbe,Samuel,D,80000.0,85000.0
583,VAN,Bolanos,Christian,M,250000.0,253500.0
584,VAN,Bustos,Marco,M,65625.0,70475.0
585,VAN,Davies,Alphonso,M,65000.0,65000.0
586,VAN,de Jong,Marcel,D-M,140000.0,140000.0
587,VAN,Dean,Christian,D,121000.0,202000.0
588,VAN,Edgar,David,D,175000.0,183833.33
589,VAN,Flores,Deybi,M,66000.0,71885.0
590,VAN,Froese,Kianz,M,69300.0,73800.0
591,VAN,Greig,Kyle,F,65004.0,66849.0
592,VAN,Harvey,Jordan,D,180000.0,180000.0
593,VAN,Hurtado,Erik,F/M,125000.0,131250.0
594,VAN,Jacobson,Andrew,M,150000.0,175000.0
595,VAN,Laba,Matias,M,725000.0,885500.0
596,VAN,Levis,Brett,D,65000.0,67500.0
597,VAN,McKendry,Ben,M,65000.0,65000.0
598,VAN,Mezquida,Nicolas,M-F,120000.0,120000.0
599,VAN,Montero,Fredy,F,1400000.04,1800000.04
600,VAN,Nerwinski,Jake,D,65004.0,65004.0
601,VAN,Ousted,David,GK,360000.0,378933.33
602,VAN,Parker,Tim,D,80850.0,99600.0
603,VAN,Reyna,Yordy,M-F,440000.04,533700.04
604,VAN,Richey,Spencer,GK,65004.0,65004.0
605,VAN,Rosales,Mauro,M,65004.0,65004.0
606,VAN,Seiler,Cole,D,54075.0,54075.0
607,VAN,Shea,Brek,M-D,625000.0,670000.0
608,VAN,Tchani,Tony,M,275000.0,308333.33
609,VAN,Techera,Cristian,M,352000.0,377000.0
610,VAN,Teibert,Russell,M,126500.0,194000.0
611,VAN,Tornaghi,Paolo,GK,80000.0,80000.0
612,VAN,Waston,Kendall,D,350000.0,368125.0
613,VAN,Williams,Sheanon,D,175000.0,184000.0
614,,Babouli,Mo,F,54075.0,54075.0
615,,Ramajo,David Mateos,D,420000.0,453333.33
